{
    "SRxTitle": "Search Health Reports (SRx)",
    "SRxVersion": "2020.9.21.2",
    "SRxHash": "545E1A6627C9C83D773C787275A73CF74E8B479BA146F77BEB75B4D0DBC21FF9",
    "Paths": {
        "Config": ".\\etc",
        "Log": ".\\var\\log",
        "Modules": ".\\Modules",
        "Resources": ".\\lib",
        "Scripts": ".\\lib\\Scripts",
        "Tests": ".\\lib\\Tests",
        "Tmp": ".\\var\\tmp",
        "Tools": ".\\lib\\Tools",
        "TSQL": ".\\lib\\TSQL"
    },
    "Log": {
        "Level": "INFO",
        "RetentionDays": 90,
        "RetentionBytes": 1048576000,
        "ToFile": true
    },
    "UI":  {
        "MinHeight": 10000,
        "MinWidth": 125
    },
    "PostInitScript": ".\\lib\\Scripts\\postSRxInitialization.ps1"
}


